{
  "features": {
    "program_static_milepost_features": {
      "cl_error_check": {
        "1": 5.0, 
        "10": 0.0, 
        "11": 0.0, 
        "12": 0.0, 
        "13": 3.0, 
        "14": 0.0, 
        "15": 0.0, 
        "16": 5.0, 
        "17": 1.0, 
        "18": 0.0, 
        "19": 1.0, 
        "2": 1.0, 
        "20": 1.0, 
        "21": 1.0, 
        "22": 0.0, 
        "23": 0.0, 
        "24": 4.0, 
        "25": 1.33333, 
        "26": 0.333333, 
        "27": 2.0, 
        "28": 1.0, 
        "29": 0.0, 
        "3": 1.0, 
        "30": 2.0, 
        "31": 1.0, 
        "32": 0.0, 
        "33": 0.0, 
        "34": 1.0, 
        "35": 0.0, 
        "36": 0.0, 
        "37": 0.0, 
        "38": 0.0, 
        "39": 0.0, 
        "4": 0.0, 
        "40": 0.0, 
        "41": 0.0, 
        "42": 0.0, 
        "43": 1.0, 
        "44": 0.0, 
        "45": 1.0, 
        "46": 2.0, 
        "47": 3.0, 
        "48": 1.0, 
        "49": 0.0, 
        "5": 2.0, 
        "50": 6.0, 
        "51": 0.0, 
        "52": 4.0, 
        "53": 0.0, 
        "54": 2.0, 
        "55": 0.0, 
        "56": 0.0, 
        "57": 2.0, 
        "58": 7.0, 
        "59": 6.0, 
        "6": 1.0, 
        "60": 3.0, 
        "61": 32.0, 
        "62": 12.0, 
        "63": 7.0, 
        "64": 162.533, 
        "65": 1137.73, 
        "7": 0.0, 
        "8": 1.0, 
        "9": 1.0
      }, 
      "error_callback": {
        "1": 3.0, 
        "10": 0.0, 
        "11": 0.0, 
        "12": 0.0, 
        "13": 1.0, 
        "14": 0.0, 
        "15": 0.0, 
        "16": 2.0, 
        "17": 0.0, 
        "18": 0.0, 
        "19": 1.0, 
        "2": 0.0, 
        "20": 0.0, 
        "21": 1.0, 
        "22": 0.0, 
        "23": 0.0, 
        "24": 3.0, 
        "25": 3.0, 
        "26": 0.0, 
        "27": 0.0, 
        "28": 0.0, 
        "29": 0.0, 
        "3": 0.0, 
        "30": 1.0, 
        "31": 0.0, 
        "32": 0.0, 
        "33": 0.0, 
        "34": 1.0, 
        "35": 0.0, 
        "36": 0.0, 
        "37": 0.0, 
        "38": 0.0, 
        "39": 0.0, 
        "4": 0.0, 
        "40": 0.0, 
        "41": 0.0, 
        "42": 0.0, 
        "43": 1.0, 
        "44": 0.0, 
        "45": 1.0, 
        "46": 0.0, 
        "47": 0.0, 
        "48": 0.0, 
        "49": 0.0, 
        "5": 1.0, 
        "50": 3.0, 
        "51": 0.0, 
        "52": 2.0, 
        "53": 0.0, 
        "54": 2.0, 
        "55": 0.0, 
        "56": 0.0, 
        "57": 1.0, 
        "58": 4.0, 
        "59": 4.0, 
        "6": 0.0, 
        "60": 2.0, 
        "61": 22.0, 
        "62": 11.0, 
        "63": 5.5, 
        "64": 101.52, 
        "65": 558.361, 
        "7": 0.0, 
        "8": 0.0, 
        "9": 0.0
      }, 
      "main": {
        "1": 116.0, 
        "10": 7.0, 
        "11": 17.0, 
        "12": 0.0, 
        "13": 111.0, 
        "14": 3.0, 
        "15": 0.0, 
        "16": 179.0, 
        "17": 46.0, 
        "18": 0.0, 
        "19": 105.0, 
        "2": 47.0, 
        "20": 65.0, 
        "21": 336.0, 
        "22": 46.0, 
        "23": 0.0, 
        "24": 507.0, 
        "25": 4.44737, 
        "26": 0.868421, 
        "27": 2.30303, 
        "28": 19.0, 
        "29": 12.0, 
        "3": 65.0, 
        "30": 83.0, 
        "31": 0.0, 
        "32": 31.0, 
        "33": 0.0, 
        "34": 76.0, 
        "35": 30.0, 
        "36": 49.0, 
        "37": 0.0, 
        "38": 0.0, 
        "39": 0.0, 
        "4": 0.0, 
        "40": 2.0, 
        "41": 47.0, 
        "42": 15.0, 
        "43": 91.0, 
        "44": 14.0, 
        "45": 75.0, 
        "46": 130.0, 
        "47": 151.0, 
        "48": 62.0, 
        "49": 85.0, 
        "5": 85.0, 
        "50": 920.0, 
        "51": 330.0, 
        "52": 242.0, 
        "53": 33.0, 
        "54": 89.0, 
        "55": 17.0, 
        "56": 0.0, 
        "57": 66.0, 
        "58": 1190.0, 
        "59": 301.0, 
        "6": 25.0, 
        "60": 1074.0, 
        "61": 3096.0, 
        "62": 18.0, 
        "63": 35.5814, 
        "64": 35627.7, 
        "65": 1267680.0, 
        "7": 4.0, 
        "8": 40.0, 
        "9": 45.0
      }, 
      "parse_arg": {
        "1": 90.0, 
        "10": 9.0, 
        "11": 1.0, 
        "12": 0.0, 
        "13": 88.0, 
        "14": 0.0, 
        "15": 0.0, 
        "16": 143.0, 
        "17": 42.0, 
        "18": 0.0, 
        "19": 34.0, 
        "2": 33.0, 
        "20": 54.0, 
        "21": 274.0, 
        "22": 31.0, 
        "23": 0.0, 
        "24": 363.0, 
        "25": 4.125, 
        "26": 0.363636, 
        "27": 3.03125, 
        "28": 11.0, 
        "29": 2.0, 
        "3": 54.0, 
        "30": 75.0, 
        "31": 0.0, 
        "32": 13.0, 
        "33": 0.0, 
        "34": 73.0, 
        "35": 41.0, 
        "36": 52.0, 
        "37": 0.0, 
        "38": 0.0, 
        "39": 0.0, 
        "4": 0.0, 
        "40": 13.0, 
        "41": 41.0, 
        "42": 0.0, 
        "43": 32.0, 
        "44": 4.0, 
        "45": 30.0, 
        "46": 80.0, 
        "47": 83.0, 
        "48": 52.0, 
        "49": 62.0, 
        "5": 67.0, 
        "50": 688.0, 
        "51": 116.0, 
        "52": 241.0, 
        "53": 21.0, 
        "54": 72.0, 
        "55": 5.0, 
        "56": 0.0, 
        "57": 55.0, 
        "58": 780.0, 
        "59": 269.0, 
        "6": 10.0, 
        "60": 711.0, 
        "61": 1941.0, 
        "62": 17.0, 
        "63": 24.6468, 
        "64": 22190.1, 
        "65": 546916.0, 
        "7": 11.0, 
        "8": 24.0, 
        "9": 43.0
      }, 
      "parse_file_args": {
        "1": 16.0, 
        "10": 1.0, 
        "11": 2.0, 
        "12": 0.0, 
        "13": 14.0, 
        "14": 0.0, 
        "15": 0.0, 
        "16": 21.0, 
        "17": 4.0, 
        "18": 0.0, 
        "19": 12.0, 
        "2": 7.0, 
        "20": 6.0, 
        "21": 16.0, 
        "22": 1.0, 
        "23": 0.0, 
        "24": 35.0, 
        "25": 2.5, 
        "26": 0.857143, 
        "27": 2.25, 
        "28": 4.0, 
        "29": 1.0, 
        "3": 6.0, 
        "30": 9.0, 
        "31": 0.0, 
        "32": 5.0, 
        "33": 0.0, 
        "34": 10.0, 
        "35": 0.0, 
        "36": 2.0, 
        "37": 0.0, 
        "38": 0.0, 
        "39": 0.0, 
        "4": 0.0, 
        "40": 1.0, 
        "41": 0.0, 
        "42": 0.0, 
        "43": 12.0, 
        "44": 6.0, 
        "45": 6.0, 
        "46": 12.0, 
        "47": 6.0, 
        "48": 1.0, 
        "49": 4.0, 
        "5": 9.0, 
        "50": 72.0, 
        "51": 0.0, 
        "52": 22.0, 
        "53": 0.0, 
        "54": 10.0, 
        "55": 0.0, 
        "56": 0.0, 
        "57": 7.0, 
        "58": 84.0, 
        "59": 31.0, 
        "6": 4.0, 
        "60": 70.0, 
        "61": 285.0, 
        "62": 17.0, 
        "63": 23.0323, 
        "64": 2059.66, 
        "65": 47438.5, 
        "7": 1.0, 
        "8": 5.0, 
        "9": 4.0
      }, 
      "print_help": {
        "1": 3.0, 
        "10": 0.0, 
        "11": 0.0, 
        "12": 0.0, 
        "13": 0.0, 
        "14": 1.0, 
        "15": 0.0, 
        "16": 2.0, 
        "17": 0.0, 
        "18": 0.0, 
        "19": 29.0, 
        "2": 0.0, 
        "20": 0.0, 
        "21": 0.0, 
        "22": 0.0, 
        "23": 0.0, 
        "24": 30.0, 
        "25": 30.0, 
        "26": 0.0, 
        "27": 0.0, 
        "28": 0.0, 
        "29": 0.0, 
        "3": 0.0, 
        "30": 1.0, 
        "31": 0.0, 
        "32": 0.0, 
        "33": 0.0, 
        "34": 0.0, 
        "35": 0.0, 
        "36": 0.0, 
        "37": 0.0, 
        "38": 0.0, 
        "39": 0.0, 
        "4": 0.0, 
        "40": 0.0, 
        "41": 0.0, 
        "42": 0.0, 
        "43": 27.0, 
        "44": 0.0, 
        "45": 29.0, 
        "46": 27.0, 
        "47": 29.0, 
        "48": 0.0, 
        "49": 0.0, 
        "5": 1.0, 
        "50": 0.0, 
        "51": 0.0, 
        "52": 0.0, 
        "53": 0.0, 
        "54": 0.0, 
        "55": 0.0, 
        "56": 0.0, 
        "57": 1.0,